repo_id,repository,community,downloads,releases,assets,commits,open_issues,closed_issues,total_issues,open_prs,closed_prs,total_prs,readme_issues,readme_commits
0,microsoft/PowerToys,313.0,7165238.0,30.0,55.0,5768.0,2339.0,11105.0,13444.0,20.0,3429.0,3449.0,2.0,180.0
1,shadowsocks/shadowsocks-windows,91.0,113682379.0,30.0,43.0,1718.0,71.0,2686.0,2757.0,4.0,458.0,462.0,2.0,81.0
2,PowerShell/PowerShell,466.0,107417.0,30.0,681.0,9258.0,3123.0,6795.0,9918.0,93.0,6375.0,6468.0,0.0,316.0
3,dotnet/aspnetcore,1195.0,0.0,2.0,0.0,48991.0,2271.0,22893.0,25164.0,50.0,12218.0,12268.0,10.0,41.0
4,2dust/v2rayN,18.0,1214738.0,30.0,60.0,413.0,24.0,1843.0,1867.0,1.0,104.0,105.0,0.0,4.0
5,CodeHubApp/CodeHub,10.0,0.0,2.0,0.0,593.0,234.0,407.0,641.0,1.0,20.0,21.0,2.0,15.0
6,Wox-launcher/Wox,130.0,756437.0,30.0,105.0,2749.0,798.0,2397.0,3195.0,10.0,437.0,447.0,7.0,151.0
7,dnSpy/dnSpy,31.0,164878.0,1.0,3.0,3932.0,0.0,0.0,0.0,0.0,83.0,83.0,0.0,41.0
8,dotnet-architecture/eShopOnContainers,200.0,0.0,2.0,0.0,3967.0,34.0,1076.0,1110.0,15.0,695.0,710.0,0.0,180.0
9,ShareX/ShareX,255.0,11601087.0,30.0,62.0,7100.0,350.0,4824.0,5174.0,7.0,923.0,930.0,1.0,50.0
10,mxgmn/WaveFunctionCollapse,17.0,0.0,2.0,0.0,135.0,0.0,40.0,40.0,0.0,29.0,29.0,0.0,97.0
11,NickeManarin/ScreenToGif,90.0,575666.0,30.0,93.0,1144.0,172.0,647.0,819.0,10.0,243.0,253.0,0.0,74.0
12,thangchung/awesome-dotnet-core,255.0,0.0,2.0,0.0,1251.0,19.0,51.0,70.0,112.0,601.0,713.0,0.0,1125.0
13,dotnet/roslyn,710.0,21246.0,30.0,2.0,83370.0,8634.0,19269.0,27903.0,407.0,30810.0,31217.0,1.0,117.0
14,files-community/Files,217.0,51021.0,30.0,18.0,3342.0,801.0,4899.0,5700.0,16.0,2843.0,2859.0,0.0,62.0
15,DapperLib/Dapper,218.0,0.0,2.0,0.0,1512.0,293.0,793.0,1086.0,39.0,521.0,560.0,10.0,80.0
16,icsharpcode/ILSpyc,0.0,0.0,2.0,0.0,0.0,0.0,0.0,0.0,0.0,0.0,0.0,0.0,0.0
17,dotnet/maui,472.0,43.0,20.0,59.0,9066.0,932.0,1531.0,2463.0,69.0,1994.0,2063.0,0.0,112.0
18,jellyfin/jellyfin,861.0,644.0,30.0,138.0,22654.0,606.0,3083.0,3689.0,65.0,3216.0,3281.0,1.0,172.0
19,AvaloniaUI/Avalonia,288.0,0.0,2.0,0.0,18349.0,1202.0,2659.0,3861.0,29.0,3056.0,3085.0,0.0,127.0
20,huiyadanli/RevokeMsgPatcher,2.0,234548.0,12.0,12.0,169.0,27.0,233.0,260.0,0.0,5.0,5.0,0.0,52.0
21,Unity-Technologies/ml-agents,157.0,0.0,2.0,0.0,3382.0,185.0,2441.0,2626.0,15.0,3063.0,3078.0,2.0,125.0
22,MaterialDesignInXAML/MaterialDesignInXamlToolkit,183.0,86419.0,30.0,68.0,2462.0,217.0,1294.0,1511.0,5.0,1070.0,1075.0,5.0,84.0
23,dotnet/efcore,341.0,0.0,2.0,0.0,12699.0,1528.0,15917.0,17445.0,18.0,9838.0,9856.0,5.0,52.0
24,Ryujinx/Ryujinx,110.0,0.0,2.0,0.0,2032.0,302.0,810.0,1112.0,66.0,1945.0,2011.0,0.0,55.0
25,netchx/netch,6.0,428998.0,30.0,30.0,291.0,7.0,603.0,610.0,0.0,184.0,184.0,0.0,10.0
26,QL-Win/QuickLook,56.0,495104.0,30.0,60.0,818.0,330.0,678.0,1008.0,2.0,89.0,91.0,0.0,76.0
27,OpenRA/OpenRA,410.0,45967.0,30.0,261.0,28593.0,1515.0,7119.0,8634.0,91.0,9078.0,9169.0,1.0,38.0
28,aspnetboilerplate/aspnetboilerplate,219.0,0.0,2.0,0.0,7062.0,191.0,5011.0,5202.0,5.0,1180.0,1185.0,1.0,49.0
29,dotnet/AspNetCore.Docs,1694.0,4540.0,30.0,30.0,13809.0,543.0,11214.0,11757.0,9.0,13409.0,13418.0,1.0,25.0
30,App-vNext/Polly,72.0,518.0,27.0,42.0,1000.0,69.0,469.0,538.0,5.0,385.0,390.0,2.0,203.0
31,lionsoul2014/ip2region,36.0,0.0,2.0,0.0,311.0,24.0,129.0,153.0,5.0,47.0,52.0,0.0,43.0
32,mono/mono,1325.0,0.0,2.0,0.0,122541.0,2063.0,2750.0,4813.0,93.0,16428.0,16521.0,0.0,55.0
33,JamesNK/Newtonsoft.Json,125.0,664636.0,30.0,30.0,1853.0,558.0,1473.0,2031.0,67.0,529.0,596.0,0.0,14.0
34,ardalis/CleanArchitecture,41.0,0.0,2.0,0.0,312.0,14.0,129.0,143.0,14.0,183.0,197.0,1.0,40.0
35,bitwarden/server,99.0,4962.0,30.0,56.0,3315.0,97.0,769.0,866.0,16.0,1007.0,1023.0,0.0,56.0
36,Unity-Technologies/UnityCsReference,1.0,0.0,2.0,0.0,145.0,0.0,0.0,0.0,2.0,14.0,16.0,0.0,145.0
37,SignalR/SignalR,111.0,0.0,2.0,0.0,4723.0,27.0,3563.0,3590.0,1.0,1025.0,1026.0,0.0,45.0
38,ppy/osu,370.0,143536.0,30.0,329.0,49559.0,764.0,5911.0,6675.0,51.0,8468.0,8519.0,0.0,110.0
39,cefsharp/CefSharp,205.0,0.0,2.0,0.0,6049.0,36.0,2545.0,2581.0,2.0,818.0,820.0,2.0,175.0
40,IdentityServer/IdentityServer4,292.0,0.0,2.0,0.0,3270.0,49.0,4445.0,4494.0,7.0,917.0,924.0,0.0,78.0
41,AutoMapper/AutoMapper,193.0,0.0,2.0,0.0,3904.0,0.0,2750.0,2750.0,3.0,984.0,987.0,0.0,37.0
42,restsharp/RestSharp,300.0,0.0,2.0,0.0,2004.0,18.0,1151.0,1169.0,8.0,599.0,607.0,3.0,20.0
43,felixse/FluentTerminal,63.0,135108.0,30.0,39.0,650.0,233.0,460.0,693.0,1.0,288.0,289.0,1.0,50.0
44,dotnet/csharplang,142.0,0.0,2.0,0.0,1826.0,424.0,1559.0,1983.0,23.0,729.0,752.0,1.0,15.0
45,dotnet/orleans,335.0,0.0,2.0,0.0,5203.0,305.0,2914.0,3219.0,22.0,4319.0,4341.0,5.0,89.0
46,MahApps/MahApps.Metro,216.0,5892.0,30.0,85.0,6122.0,65.0,2713.0,2778.0,7.0,1369.0,1376.0,3.0,95.0
47,MonoGame/MonoGame,430.0,21049.0,17.0,55.0,12883.0,685.0,2707.0,3392.0,104.0,4091.0,4195.0,2.0,69.0
48,chocolatey/choco,116.0,147.0,2.0,4.0,3416.0,759.0,1355.0,2114.0,65.0,361.0,426.0,37.0,68.0
49,dotnet/machinelearning,198.0,0.0,2.0,0.0,2543.0,640.0,2570.0,3210.0,9.0,2840.0,2849.0,3.0,63.0
50,dotnet/runtime,2529.0,0.0,2.0,0.0,116183.0,7841.0,38541.0,46382.0,219.0,18636.0,18855.0,2.0,25.0
51,JustArchiNET/ArchiSteamFarm,47.0,2941.0,30.0,298.0,9862.0,0.0,1101.0,1101.0,0.0,1327.0,1327.0,1.0,115.0
52,jbogard/MediatR,67.0,0.0,2.0,0.0,502.0,70.0,469.0,539.0,8.0,163.0,171.0,0.0,13.0
53,NancyFx/Nancy,338.0,0.0,2.0,0.0,5476.0,196.0,1136.0,1332.0,26.0,1646.0,1672.0,0.0,17.0
54,jasontaylordev/CleanArchitecture,55.0,0.0,2.0,0.0,354.0,73.0,258.0,331.0,19.0,120.0,139.0,1.0,58.0
55,dotnet/BenchmarkDotNet,190.0,0.0,2.0,0.0,2214.0,167.0,1098.0,1265.0,29.0,648.0,677.0,7.0,115.0
56,abpframework/abp,307.0,0.0,2.0,0.0,23180.0,542.0,6065.0,6607.0,51.0,5005.0,5056.0,1.0,43.0
57,Perfare/AssetStudio,24.0,208861.0,22.0,29.0,556.0,68.0,803.0,871.0,4.0,58.0,62.0,0.0,36.0
58,HangfireIO/Hangfire,154.0,614.0,30.0,30.0,3536.0,630.0,931.0,1561.0,53.0,397.0,450.0,1.0,124.0
59,JeffreySu/WeiXinMPSDK,153.0,0.0,2.0,0.0,9388.0,159.0,707.0,866.0,3.0,1723.0,1726.0,0.0,581.0
60,carlospolop/PEASS-ng,61.0,53984.0,29.0,396.0,1313.0,4.0,115.0,119.0,0.0,157.0,157.0,0.0,89.0
61,dotnet-architecture/eShopOnWeb,69.0,0.0,2.0,0.0,533.0,2.0,286.0,288.0,7.0,392.0,399.0,0.0,48.0
62,duplicati/duplicati,196.0,6638.0,30.0,269.0,8117.0,815.0,2812.0,3627.0,14.0,1040.0,1054.0,3.0,43.0
63,microsoft/ailab,48.0,254.0,1.0,3.0,134.0,24.0,24.0,48.0,40.0,52.0,92.0,0.0,14.0
64,Sonarr/Sonarr,206.0,0.0,2.0,0.0,9150.0,147.0,3908.0,4055.0,18.0,846.0,864.0,0.0,13.0
65,FluentValidation/FluentValidation,218.0,0.0,2.0,0.0,2178.0,4.0,1519.0,1523.0,3.0,384.0,387.0,6.0,0.0
66,nopSolutions/nopCommerce,163.0,28858.0,30.0,153.0,13555.0,194.0,5259.0,5453.0,49.0,662.0,711.0,0.0,37.0
67,xupefei/Locale-Emulator,33.0,4918775.0,30.0,28.0,386.0,0.0,0.0,0.0,2.0,50.0,52.0,0.0,27.0
68,reactiveui/ReactiveUI,201.0,0.0,2.0,0.0,4827.0,66.0,1102.0,1168.0,11.0,1893.0,1904.0,1.0,91.0
69,MathewSachin/Captura,51.0,378582.0,27.0,43.0,1121.0,109.0,181.0,290.0,5.0,229.0,234.0,0.0,40.0
70,ThreeMammals/Ocelot,140.0,559.0,30.0,319.0,1276.0,486.0,527.0,1013.0,82.0,470.0,552.0,45.0,131.0
71,Jackett/Jackett,428.0,170608.0,30.0,240.0,9449.0,298.0,10172.0,10470.0,12.0,2352.0,2364.0,54.0,1412.0
72,TGSAN/CMWTAT_Digital_Edition,2.0,185370.0,7.0,10.0,31.0,8.0,24.0,32.0,1.0,1.0,2.0,0.0,10.0
73,nilaoda/N_m3u8DL-CLI,7.0,114917.0,30.0,68.0,334.0,170.0,343.0,513.0,0.0,13.0,13.0,0.0,66.0
74,winsw/winsw,53.0,46995.0,30.0,160.0,786.0,114.0,328.0,442.0,23.0,420.0,443.0,4.0,60.0
75,dvf/blockchain,16.0,0.0,2.0,0.0,71.0,61.0,61.0,122.0,47.0,47.0,94.0,0.0,12.0
76,Humanizr/Humanizer,258.0,284.0,22.0,540.0,2309.0,178.0,343.0,521.0,20.0,642.0,662.0,10.0,192.0
77,dodyg/practical-aspnetcore,27.0,0.0,2.0,0.0,2409.0,171.0,98.0,269.0,1.0,54.0,55.0,0.0,883.0
78,kgrzybek/modular-monolith-with-ddd,22.0,0.0,2.0,0.0,283.0,37.0,57.0,94.0,7.0,86.0,93.0,1.0,43.0
79,mbdavid/LiteDB,94.0,22737.0,30.0,34.0,2329.0,464.0,1382.0,1846.0,43.0,244.0,287.0,0.0,120.0
80,ElectronNET/Electron.NET,75.0,0.0,2.0,0.0,718.0,131.0,379.0,510.0,15.0,141.0,156.0,4.0,74.0
81,gitextensions/gitextensions,511.0,1497489.0,30.0,80.0,15143.0,610.0,5049.0,5659.0,33.0,3943.0,3976.0,5.0,86.0
82,unoplatform/uno,280.0,855.0,30.0,492.0,15128.0,1007.0,2580.0,3587.0,96.0,4349.0,4445.0,0.0,129.0
83,mRemoteNG/mRemoteNG,109.0,3608881.0,30.0,94.0,4829.0,663.0,1150.0,1813.0,1.0,366.0,367.0,0.0,9.0
84,migueldeicaza/gui.cs,88.0,0.0,2.0,0.0,2461.0,62.0,706.0,768.0,17.0,770.0,787.0,1.0,75.0
85,aspnet/Mvc,191.0,0.0,2.0,0.0,4596.0,0.0,5180.0,5180.0,0.0,3455.0,3455.0,2.0,27.0
86,Radarr/Radarr,299.0,235667.0,30.0,298.0,10835.0,308.0,5266.0,5574.0,34.0,1430.0,1464.0,0.0,65.0
87,rocksdanister/lively,4.0,495317.0,30.0,71.0,490.0,141.0,564.0,705.0,1.0,42.0,43.0,16.0,85.0
88,QuantConnect/Lean,194.0,0.0,2.0,0.0,11313.0,413.0,2018.0,2431.0,6.0,3795.0,3801.0,3.0,97.0
89,lambci/docker-lambda,37.0,0.0,2.0,0.0,440.0,52.0,229.0,281.0,7.0,69.0,76.0,7.0,49.0
90,microsoft/VFSForGit,57.0,1420359.0,30.0,58.0,2494.0,295.0,472.0,767.0,5.0,989.0,994.0,0.0,54.0
91,OrchardCMS/OrchardCore,241.0,0.0,2.0,0.0,5875.0,1069.0,4320.0,5389.0,115.0,4862.0,4977.0,1.0,97.0
92,JasonStein/Notepads,61.0,43821.0,30.0,88.0,984.0,227.0,315.0,542.0,33.0,446.0,479.0,0.0,130.0
93,reactiveui/refit,131.0,282.0,30.0,79.0,1595.0,104.0,664.0,768.0,14.0,541.0,555.0,6.0,130.0
94,neuecc/UniRx,42.0,12734.0,25.0,33.0,1024.0,183.0,208.0,391.0,42.0,79.0,121.0,2.0,103.0
95,xamarin/Xamarin.Forms,375.0,547.0,30.0,296.0,5725.0,2825.0,6694.0,9519.0,99.0,5217.0,5316.0,4.0,56.0
96,dotnet/wpf,128.0,0.0,2.0,0.0,3917.0,913.0,951.0,1864.0,95.0,4209.0,4304.0,0.0,33.0
97,de4dot/de4dot,26.0,0.0,2.0,0.0,2090.0,0.0,0.0,0.0,1.0,46.0,47.0,0.0,19.0
98,sschmid/Entitas-CSharp,28.0,14922.0,30.0,42.0,2066.0,174.0,698.0,872.0,11.0,108.0,119.0,1.0,124.0
99,HMBSbige/ShadowsocksR-Windows,40.0,135175.0,30.0,105.0,1409.0,0.0,0.0,0.0,5.0,145.0,150.0,0.0,75.0
100,SpaceMadness/unity-tutorial-space-shooter,1.0,0.0,2.0,0.0,6.0,0.0,0.0,0.0,0.0,0.0,0.0,0.0,1.0
101,Insality/RAO,2.0,0.0,2.0,0.0,58.0,0.0,0.0,0.0,0.0,0.0,0.0,0.0,2.0
102,AdamKinney/WinGraphics,1.0,0.0,2.0,0.0,3.0,0.0,0.0,0.0,0.0,0.0,0.0,0.0,1.0
103,damianh/StaticFilesMiddleware,1.0,0.0,2.0,0.0,9.0,0.0,0.0,0.0,0.0,0.0,0.0,0.0,2.0
104,jmalarcon/FileEncodingConverter,3.0,973.0,3.0,2.0,8.0,0.0,2.0,2.0,0.0,0.0,0.0,0.0,5.0
105,jsauve/XamaGram,2.0,0.0,2.0,0.0,40.0,0.0,1.0,1.0,0.0,0.0,0.0,0.0,29.0
106,rosieks/Rosieks.VisualStudio.Angular,1.0,0.0,2.0,0.0,39.0,4.0,2.0,6.0,1.0,3.0,4.0,4.0,0.0
107,Whistlle/AirGame,1.0,0.0,2.0,0.0,8.0,0.0,0.0,0.0,0.0,0.0,0.0,0.0,0.0
108,BeranekCZ/NETMF-Utils,2.0,0.0,2.0,0.0,16.0,1.0,0.0,1.0,0.0,0.0,0.0,0.0,8.0
109,Particular/HashBus,9.0,0.0,2.0,0.0,251.0,22.0,58.0,80.0,1.0,109.0,110.0,0.0,6.0
110,enBask/Asgard,1.0,0.0,2.0,0.0,49.0,1.0,0.0,1.0,0.0,0.0,0.0,0.0,1.0
111,Waynext/ChartControls,1.0,0.0,2.0,0.0,13.0,1.0,0.0,1.0,0.0,0.0,0.0,0.0,8.0
112,cra0kalo/CETRAINER_DECRYPT,1.0,0.0,2.0,0.0,3.0,0.0,0.0,0.0,0.0,0.0,0.0,0.0,2.0
113,Joshsora/LibSOE,2.0,0.0,2.0,0.0,13.0,6.0,1.0,7.0,0.0,0.0,0.0,0.0,4.0
114,MassTransit/Sample-Booking,1.0,0.0,2.0,0.0,8.0,2.0,2.0,4.0,0.0,0.0,0.0,0.0,0.0
115,rygo6/VisualizationFramework-Unity,1.0,0.0,2.0,0.0,19.0,6.0,9.0,15.0,0.0,0.0,0.0,0.0,6.0
116,claresudbery/ClaresPancakes,4.0,0.0,2.0,0.0,8.0,0.0,0.0,0.0,0.0,1.0,1.0,0.0,6.0
117,lindexi/Markdown,2.0,0.0,2.0,0.0,53.0,0.0,0.0,0.0,1.0,0.0,1.0,0.0,3.0
118,auth0-blog/blog-ldap-csharp-example,1.0,0.0,2.0,0.0,3.0,3.0,0.0,3.0,1.0,0.0,1.0,0.0,0.0
119,DmitrySikorsky/AspNet5ModularApp,1.0,0.0,2.0,0.0,6.0,0.0,1.0,1.0,0.0,0.0,0.0,0.0,4.0
120,TORISOUP/GTAV_InfernoScripts,5.0,6485.0,12.0,12.0,555.0,1.0,11.0,12.0,4.0,52.0,56.0,0.0,8.0
121,mkremins/TracerySharp,1.0,0.0,2.0,0.0,12.0,1.0,2.0,3.0,1.0,0.0,1.0,1.0,4.0
122,bucknellu/Nyan,3.0,7.0,1.0,1.0,805.0,1.0,10.0,11.0,2.0,8.0,10.0,0.0,37.0
123,radistmorse/KSPPreciseManeuver,6.0,142302.0,19.0,19.0,63.0,4.0,13.0,17.0,0.0,9.0,9.0,0.0,8.0
124,liamca/azure-search-recommendations,4.0,0.0,2.0,0.0,55.0,0.0,0.0,0.0,0.0,1.0,1.0,0.0,29.0
125,Tangoyzx/PaintModel,1.0,0.0,2.0,0.0,6.0,1.0,0.0,1.0,0.0,0.0,0.0,0.0,4.0
126,ahdung/FormDraggerDemo,1.0,0.0,2.0,0.0,7.0,0.0,0.0,0.0,0.0,0.0,0.0,0.0,2.0
127,wwwlicious/servicestack-authentication-identityserver,6.0,9.0,2.0,6.0,74.0,12.0,8.0,20.0,0.0,4.0,4.0,0.0,8.0
128,Pryaxis/orion-core,16.0,0.0,2.0,0.0,976.0,10.0,43.0,53.0,0.0,24.0,24.0,0.0,13.0
129,scheshan/DoubanGroup.UWP,2.0,0.0,2.0,0.0,104.0,0.0,0.0,0.0,0.0,0.0,0.0,0.0,1.0
130,Bekwnn/UnityJsonHelper,2.0,0.0,2.0,0.0,9.0,1.0,0.0,1.0,2.0,1.0,3.0,0.0,2.0
131,SaladLab/UniGet,1.0,70.0,2.0,2.0,73.0,0.0,2.0,2.0,0.0,1.0,1.0,0.0,6.0
132,kernys/Kernys.Bson,4.0,0.0,2.0,0.0,20.0,1.0,1.0,2.0,0.0,4.0,4.0,0.0,8.0
133,AzureADQuickStarts/AppModelv2-NativeClient-DotNet,9.0,0.0,2.0,0.0,54.0,6.0,5.0,11.0,0.0,18.0,18.0,0.0,13.0
134,microsoft/FMLab,7.0,0.0,2.0,0.0,13.0,13.0,2.0,15.0,3.0,6.0,9.0,0.0,3.0
135,kant2002/ncrawler,1.0,0.0,2.0,0.0,65.0,0.0,0.0,0.0,0.0,0.0,0.0,0.0,3.0
136,TerribleDev/TurboLinks.Net,2.0,0.0,2.0,0.0,29.0,1.0,2.0,3.0,1.0,4.0,5.0,0.0,8.0
137,aliessmael/Unity-Contacts-List,3.0,0.0,2.0,0.0,20.0,19.0,10.0,29.0,1.0,1.0,2.0,0.0,5.0
138,reddog-io/RedDog.Search,6.0,0.0,2.0,0.0,64.0,2.0,10.0,12.0,3.0,9.0,12.0,0.0,27.0
139,jacek-gorgon/NJsonApi,2.0,0.0,2.0,0.0,35.0,10.0,9.0,19.0,1.0,11.0,12.0,0.0,8.0
140,evolutional/flatbuffers-net,2.0,0.0,2.0,0.0,66.0,23.0,32.0,55.0,0.0,4.0,4.0,0.0,10.0
141,castle-it/sharp2Js,3.0,0.0,2.0,0.0,74.0,3.0,3.0,6.0,0.0,20.0,20.0,0.0,16.0
142,tpeczek/Lib.Web.Mvc,4.0,266.0,30.0,60.0,170.0,0.0,103.0,103.0,1.0,9.0,10.0,1.0,18.0
143,GrayKernel/GrayStorm,1.0,0.0,2.0,0.0,15.0,0.0,0.0,0.0,0.0,0.0,0.0,0.0,2.0
144,amirjalilifard/FreeFilesProject,1.0,0.0,2.0,0.0,2.0,4.0,0.0,4.0,0.0,0.0,0.0,0.0,1.0
145,edoreshef/ground-control,5.0,0.0,2.0,0.0,28.0,4.0,7.0,11.0,0.0,2.0,2.0,0.0,10.0
146,kimsama/Unity-NGUIExtension,1.0,0.0,2.0,0.0,41.0,1.0,0.0,1.0,0.0,0.0,0.0,0.0,32.0
147,nachmore/unBand,6.0,0.0,2.0,0.0,167.0,61.0,56.0,117.0,5.0,4.0,9.0,0.0,2.0
148,uFrame/uFrame.ECS,4.0,0.0,2.0,0.0,96.0,6.0,3.0,9.0,0.0,1.0,1.0,0.0,3.0
149,SergeyTeplyakov/ExceptionAnalyzer,4.0,0.0,2.0,0.0,40.0,13.0,10.0,23.0,0.0,4.0,4.0,0.0,4.0
150,mesta1/AForge-examples,3.0,0.0,2.0,0.0,7.0,1.0,0.0,1.0,0.0,1.0,1.0,0.0,2.0
151,reubeno/NClap,6.0,0.0,2.0,0.0,134.0,6.0,30.0,36.0,0.0,47.0,47.0,0.0,21.0
152,vmohan7/Bow-ArrowLiveStream,2.0,0.0,2.0,0.0,4.0,0.0,0.0,0.0,0.0,0.0,0.0,0.0,3.0
153,ElectroGryphon/EGGA,4.0,0.0,2.0,0.0,44.0,5.0,8.0,13.0,0.0,2.0,2.0,0.0,8.0
154,hdinsight/hdinsight-storm-examples,8.0,0.0,2.0,0.0,90.0,6.0,10.0,16.0,1.0,4.0,5.0,0.0,16.0
155,aspnetde/MvvmNano,4.0,0.0,2.0,0.0,161.0,0.0,19.0,19.0,2.0,3.0,5.0,0.0,26.0
156,leonvanbokhorst/RepositoryPatternEntityFramework,1.0,0.0,2.0,0.0,5.0,0.0,0.0,0.0,0.0,0.0,0.0,0.0,0.0
157,NetMQ/NetMQ.ReactiveExtensions,9.0,0.0,2.0,0.0,196.0,9.0,18.0,27.0,0.0,23.0,23.0,1.0,87.0
158,rkone/sharpzebra,5.0,0.0,2.0,0.0,28.0,1.0,18.0,19.0,0.0,4.0,4.0,0.0,0.0
159,libla/TinyJSON,2.0,0.0,2.0,0.0,15.0,0.0,1.0,1.0,0.0,0.0,0.0,0.0,8.0
160,ScutGame/Scut-samples,1.0,0.0,2.0,0.0,49.0,0.0,0.0,0.0,0.0,1.0,1.0,0.0,8.0
161,pavelkouril/unity-marching-cubes-gpu,2.0,0.0,2.0,0.0,5.0,0.0,0.0,0.0,0.0,2.0,2.0,0.0,4.0
162,amarmesic/windows-phone-navigation-drawer,3.0,0.0,2.0,0.0,26.0,5.0,5.0,10.0,0.0,2.0,2.0,0.0,13.0
163,obviousjim/OpenTSPS_Unity3d_Extension,3.0,0.0,2.0,0.0,16.0,1.0,0.0,1.0,0.0,1.0,1.0,0.0,5.0
164,MoshiMoshi0/TTController,4.0,5147.0,28.0,28.0,647.0,9.0,51.0,60.0,0.0,1.0,1.0,0.0,64.0
165,madskristensen/WebExtensionPack,2.0,0.0,2.0,0.0,67.0,4.0,16.0,20.0,0.0,1.0,1.0,0.0,26.0
166,xabikos/aspnet-webpack,4.0,0.0,2.0,0.0,96.0,8.0,25.0,33.0,0.0,4.0,4.0,0.0,10.0
167,Unity-Technologies/UIElementsUniteLATurretDemo,1.0,0.0,2.0,0.0,7.0,1.0,0.0,1.0,0.0,0.0,0.0,0.0,5.0
168,pboechat/roadgen,2.0,0.0,2.0,0.0,12.0,1.0,1.0,2.0,0.0,0.0,0.0,0.0,10.0
169,chrfalch/NControl.Controls,4.0,0.0,2.0,0.0,191.0,14.0,37.0,51.0,3.0,4.0,7.0,0.0,5.0
170,mikebluestein/FindTheMonkey,1.0,0.0,2.0,0.0,11.0,0.0,2.0,2.0,0.0,0.0,0.0,0.0,3.0
171,jamesmontemagno/MonoDroidToolkit,4.0,0.0,2.0,0.0,62.0,3.0,10.0,13.0,0.0,4.0,4.0,0.0,16.0
172,webapibook/issuetracker,6.0,0.0,2.0,0.0,108.0,2.0,8.0,10.0,2.0,42.0,44.0,0.0,6.0
173,ayende/Alexandria,5.0,0.0,2.0,0.0,95.0,1.0,2.0,3.0,0.0,0.0,0.0,0.0,0.0
174,johnnyreilly/jQuery.Validation.Unobtrusive.Native,4.0,0.0,2.0,0.0,271.0,11.0,13.0,24.0,0.0,6.0,6.0,1.0,32.0
175,personball/abplus-zero-template,3.0,0.0,2.0,0.0,187.0,0.0,7.0,7.0,35.0,14.0,49.0,0.0,7.0
176,W3D3/SteamAccountSwitcher,4.0,8392.0,1.0,1.0,38.0,2.0,8.0,10.0,0.0,4.0,4.0,0.0,15.0
177,saguiitay/CardinalityEstimation,13.0,0.0,2.0,0.0,59.0,1.0,13.0,14.0,1.0,17.0,18.0,0.0,5.0
178,jglim/CCManager,1.0,0.0,2.0,0.0,9.0,4.0,4.0,8.0,0.0,1.0,1.0,1.0,3.0
179,chrishonselaar/ProtoPad,1.0,0.0,2.0,0.0,40.0,1.0,1.0,2.0,0.0,0.0,0.0,0.0,13.0
180,seven1986/oauthapp,4.0,0.0,2.0,0.0,413.0,0.0,8.0,8.0,0.0,94.0,94.0,0.0,16.0
181,Azure/azure-iot-predictive-maintenance,23.0,0.0,2.0,0.0,231.0,0.0,11.0,11.0,0.0,44.0,44.0,0.0,9.0
182,regaw-leinad/AndroidLib,6.0,0.0,2.0,0.0,78.0,0.0,11.0,11.0,0.0,22.0,22.0,0.0,3.0
183,mewlist/MassiveGrass,2.0,0.0,2.0,0.0,27.0,0.0,0.0,0.0,0.0,0.0,0.0,0.0,4.0
184,brockallen/BrockAllen.IdentityReboot,2.0,0.0,2.0,0.0,65.0,0.0,13.0,13.0,0.0,1.0,1.0,0.0,2.0
185,davybrion/Agatha,13.0,0.0,2.0,0.0,78.0,4.0,9.0,13.0,3.0,24.0,27.0,0.0,0.0
186,microsoftarchive/iot-journey,16.0,0.0,2.0,0.0,500.0,23.0,172.0,195.0,0.0,142.0,142.0,0.0,29.0
187,alexandrebeato/bankflix,1.0,0.0,2.0,0.0,103.0,0.0,2.0,2.0,16.0,10.0,26.0,0.0,18.0
188,IndieVisualLab/UnityGraphicsProgramming2,4.0,0.0,2.0,0.0,8.0,0.0,0.0,0.0,0.0,1.0,1.0,0.0,3.0
189,ElectricNightOwl/ArmSwinger,4.0,0.0,2.0,0.0,92.0,9.0,15.0,24.0,1.0,29.0,30.0,1.0,43.0
190,snowl/LoLEnhancementSuite,8.0,0.0,2.0,0.0,157.0,0.0,47.0,47.0,0.0,19.0,19.0,0.0,35.0
191,lowleveldesign/dotnet-netrace,2.0,40.0,3.0,7.0,18.0,0.0,1.0,1.0,0.0,0.0,0.0,0.0,8.0
192,continuoustests/OpenIDE,3.0,0.0,2.0,0.0,702.0,3.0,8.0,11.0,0.0,1.0,1.0,0.0,12.0
193,jonwagner/EventSourceProxy,9.0,0.0,2.0,0.0,104.0,0.0,48.0,48.0,0.0,12.0,12.0,1.0,7.0
194,birkett/CloudFlare-DDNS-Updater,4.0,5308.0,4.0,4.0,52.0,12.0,4.0,16.0,4.0,2.0,6.0,0.0,9.0
195,conan-roslyn/Conan,1.0,0.0,2.0,0.0,14.0,2.0,1.0,3.0,0.0,0.0,0.0,0.0,5.0
196,chsienki/Kittitas,1.0,0.0,2.0,0.0,15.0,4.0,1.0,5.0,1.0,0.0,1.0,0.0,6.0
197,RiSearcher/GeometRi.CSharp,2.0,0.0,2.0,0.0,194.0,1.0,15.0,16.0,1.0,6.0,7.0,0.0,31.0
198,emersonsoares/cep-api,5.0,0.0,2.0,0.0,54.0,3.0,6.0,9.0,0.0,4.0,4.0,0.0,9.0
199,,0.0,0.0,,,0.0,0.0,0.0,0.0,0.0,0.0,0.0,0.0,0.0
