fullname,C0,C1,C2,C3,C4,C5,C6,C7,C8,number_of_stars,num_of_watchers,num_of_forks,repo_id,repository,community,downloads,releases,assets,commits,open_issues,closed_issues,total_issues,open_prs,closed_prs,total_prs,readme_issues,readme_commits,Rank,Rank_real,star_rank,fork_rank,watchers_rank,pullrequest_rank,label
microsoft/PowerToys,0,1,0,1,1,1,1,1,0,64333,64333,3556,0,microsoft/PowerToys,313.0,7165238.0,30.0,55.0,5768.0,2339.0,11105.0,13444.0,20.0,3429.0,3449.0,2.0,180.0,699.0,180.0,182.0,172.0,182.0,163.0,1
shadowsocks/shadowsocks-windows,0,1,0,1,0,1,1,1,0,53513,53513,16188,1,shadowsocks/shadowsocks-windows,91.0,113682379.0,30.0,43.0,1718.0,71.0,2686.0,2757.0,4.0,458.0,462.0,2.0,81.0,667.0,177.0,181.0,181.0,181.0,124.0,1
PowerShell/PowerShell,1,1,0,1,1,1,1,1,0,31124,31124,4908,2,PowerShell/PowerShell,466.0,107417.0,30.0,681.0,9258.0,3123.0,6795.0,9918.0,93.0,6375.0,6468.0,0.0,316.0,711.0,181.0,180.0,177.0,180.0,174.0,1
dotnet/aspnetcore,0,1,0,0,0,1,1,1,0,26646,26646,7147,3,dotnet/aspnetcore,1195.0,0.0,2.0,0.0,48991.0,2271.0,22893.0,25164.0,50.0,12218.0,12268.0,10.0,41.0,715.0,182.0,179.0,179.0,179.0,178.0,1
2dust/v2rayN,0,0,0,1,1,0,0,0,0,24225,24225,5121,4,2dust/v2rayN,18.0,1214738.0,30.0,60.0,413.0,24.0,1843.0,1867.0,1.0,104.0,105.0,0.0,4.0,636.0,170.0,178.0,178.0,178.0,102.0,1
CodeHubApp/CodeHub,0,0,0,1,0,1,1,1,0,23312,23312,642,5,CodeHubApp/CodeHub,10.0,0.0,2.0,0.0,593.0,234.0,407.0,641.0,1.0,20.0,21.0,2.0,15.0,529.0,135.0,177.0,97.0,177.0,78.0,1
Wox-launcher/Wox,0,1,0,1,0,1,1,1,0,21061,21061,2257,6,Wox-launcher/Wox,130.0,756437.0,30.0,105.0,2749.0,798.0,2397.0,3195.0,10.0,437.0,447.0,7.0,151.0,626.0,165.0,176.0,152.0,176.0,122.0,1
dnSpy/dnSpy,1,1,0,1,0,1,1,0,0,19582,19582,3658,7,dnSpy/dnSpy,31.0,164878.0,1.0,3.0,3932.0,0.0,0.0,0.0,0.0,83.0,83.0,0.0,41.0,620.0,163.0,175.0,174.0,175.0,96.0,1
dotnet-architecture/eShopOnContainers,0,1,0,1,1,0,1,0,0,19281,19281,8186,8,dotnet-architecture/eShopOnContainers,200.0,0.0,2.0,0.0,3967.0,34.0,1076.0,1110.0,15.0,695.0,710.0,0.0,180.0,661.0,175.0,174.0,180.0,174.0,133.0,1
ShareX/ShareX,1,1,0,0,0,0,1,0,0,17970,17970,2334,9,ShareX/ShareX,255.0,11601087.0,30.0,62.0,7100.0,350.0,4824.0,5174.0,7.0,923.0,930.0,1.0,50.0,642.0,171.0,173.0,155.0,173.0,141.0,1
mxgmn/WaveFunctionCollapse,1,1,0,1,0,1,1,0,1,17092,17092,885,10,mxgmn/WaveFunctionCollapse,17.0,0.0,2.0,0.0,135.0,0.0,40.0,40.0,0.0,29.0,29.0,0.0,97.0,538.0,137.0,172.0,112.0,172.0,82.0,1
thangchung/awesome-dotnet-core,1,1,0,1,1,1,1,0,0,15409,15409,2426,12,thangchung/awesome-dotnet-core,255.0,0.0,2.0,0.0,1251.0,19.0,51.0,70.0,112.0,601.0,713.0,0.0,1125.0,635.0,168.0,171.0,158.0,171.0,135.0,1
dotnet/roslyn,1,1,0,0,1,1,1,1,0,15254,15254,3471,13,dotnet/roslyn,710.0,21246.0,30.0,2.0,83370.0,8634.0,19269.0,27903.0,407.0,30810.0,31217.0,1.0,117.0,692.0,179.0,170.0,170.0,170.0,182.0,1
files-community/Files,0,1,0,1,0,0,1,1,0,14988,14988,839,14,files-community/Files,217.0,51021.0,30.0,18.0,3342.0,801.0,4899.0,5700.0,16.0,2843.0,2859.0,0.0,62.0,605.0,160.0,169.0,108.0,169.0,159.0,1
DapperLib/Dapper,0,1,0,1,1,1,1,0,0,14287,14287,3432,15,DapperLib/Dapper,218.0,0.0,2.0,0.0,1512.0,293.0,793.0,1086.0,39.0,521.0,560.0,10.0,80.0,633.0,167.0,168.0,169.0,168.0,128.0,1
dotnet/maui,0,1,0,1,0,1,1,1,0,12966,12966,628,17,dotnet/maui,472.0,43.0,20.0,59.0,9066.0,932.0,1531.0,2463.0,69.0,1994.0,2063.0,0.0,112.0,586.0,151.0,167.0,96.0,167.0,156.0,1
jellyfin/jellyfin,0,1,0,1,0,0,1,0,0,12501,12501,1283,18,jellyfin/jellyfin,861.0,644.0,30.0,138.0,22654.0,606.0,3083.0,3689.0,65.0,3216.0,3281.0,1.0,172.0,623.0,164.0,166.0,129.0,166.0,162.0,1
AvaloniaUI/Avalonia,1,1,0,1,0,1,1,1,0,12499,12499,1121,19,AvaloniaUI/Avalonia,288.0,0.0,2.0,0.0,18349.0,1202.0,2659.0,3861.0,29.0,3056.0,3085.0,0.0,127.0,615.0,162.0,165.0,124.0,165.0,161.0,1
huiyadanli/RevokeMsgPatcher,1,0,0,0,0,1,0,0,0,12325,12325,1677,20,huiyadanli/RevokeMsgPatcher,2.0,234548.0,12.0,12.0,169.0,27.0,233.0,260.0,0.0,5.0,5.0,0.0,52.0,523.0,132.0,164.0,139.0,164.0,56.0,1
Unity-Technologies/ml-agents,0,1,0,1,0,1,1,0,0,12058,12058,3216,21,Unity-Technologies/ml-agents,157.0,0.0,2.0,0.0,3382.0,185.0,2441.0,2626.0,15.0,3063.0,3078.0,2.0,125.0,652.0,173.0,163.0,166.0,163.0,160.0,1
MaterialDesignInXAML/MaterialDesignInXamlToolkit,1,1,0,1,0,1,1,1,1,11547,11547,2836,22,MaterialDesignInXAML/MaterialDesignInXamlToolkit,183.0,86419.0,30.0,68.0,2462.0,217.0,1294.0,1511.0,5.0,1070.0,1075.0,5.0,84.0,635.0,168.0,162.0,164.0,162.0,147.0,1
dotnet/efcore,0,1,0,1,0,0,1,1,0,10809,10809,2675,23,dotnet/efcore,341.0,0.0,2.0,0.0,12699.0,1528.0,15917.0,17445.0,18.0,9838.0,9856.0,5.0,52.0,661.0,175.0,161.0,162.0,161.0,177.0,1
Ryujinx/Ryujinx,0,1,0,1,0,1,1,0,0,10415,10415,1261,24,Ryujinx/Ryujinx,110.0,0.0,2.0,0.0,2032.0,302.0,810.0,1112.0,66.0,1945.0,2011.0,0.0,55.0,602.0,159.0,160.0,127.0,160.0,155.0,1
netchx/netch,1,1,0,1,0,1,1,0,1,10220,10220,1617,25,netchx/netch,6.0,428998.0,30.0,30.0,291.0,7.0,603.0,610.0,0.0,184.0,184.0,0.0,10.0,567.0,146.0,159.0,137.0,159.0,112.0,1
QL-Win/QuickLook,1,1,0,1,0,1,1,0,0,10213,10213,788,26,QL-Win/QuickLook,56.0,495104.0,30.0,60.0,818.0,330.0,678.0,1008.0,2.0,89.0,91.0,0.0,76.0,517.0,130.0,158.0,104.0,158.0,97.0,1
OpenRA/OpenRA,0,1,0,1,0,1,1,1,0,10163,10163,2316,27,OpenRA/OpenRA,410.0,45967.0,30.0,261.0,28593.0,1515.0,7119.0,8634.0,91.0,9078.0,9169.0,1.0,38.0,644.0,172.0,157.0,154.0,157.0,176.0,1
aspnetboilerplate/aspnetboilerplate,1,1,0,1,0,1,1,0,0,10020,10020,3522,28,aspnetboilerplate/aspnetboilerplate,219.0,0.0,2.0,0.0,7062.0,191.0,5011.0,5202.0,5.0,1180.0,1185.0,1.0,49.0,631.0,166.0,156.0,171.0,156.0,148.0,1
dotnet/AspNetCore.Docs,0,1,0,0,0,0,1,0,0,9899,9899,23160,29,dotnet/AspNetCore.Docs,1694.0,4540.0,30.0,30.0,13809.0,543.0,11214.0,11757.0,9.0,13409.0,13418.0,1.0,25.0,671.0,178.0,155.0,182.0,155.0,179.0,1
App-vNext/Polly,1,1,0,1,1,1,1,1,1,9894,9894,929,30,App-vNext/Polly,72.0,518.0,27.0,42.0,1000.0,69.0,469.0,538.0,5.0,385.0,390.0,2.0,203.0,541.0,139.0,154.0,115.0,154.0,118.0,1
lionsoul2014/ip2region,1,0,0,1,0,0,0,0,0,9786,9786,1784,31,lionsoul2014/ip2region,36.0,0.0,2.0,0.0,311.0,24.0,129.0,153.0,5.0,47.0,52.0,0.0,43.0,539.0,138.0,153.0,143.0,153.0,90.0,1
mono/mono,0,0,0,1,0,1,0,1,0,9593,9593,3620,32,mono/mono,1325.0,0.0,2.0,0.0,122541.0,2063.0,2750.0,4813.0,93.0,16428.0,16521.0,0.0,55.0,657.0,174.0,152.0,173.0,152.0,180.0,1
JamesNK/Newtonsoft.Json,0,1,0,0,0,0,0,0,0,8964,8964,2944,33,JamesNK/Newtonsoft.Json,125.0,664636.0,30.0,30.0,1853.0,558.0,1473.0,2031.0,67.0,529.0,596.0,0.0,14.0,596.0,156.0,151.0,165.0,151.0,129.0,1
ardalis/CleanArchitecture,0,1,0,1,1,1,1,0,0,8728,8728,1595,34,ardalis/CleanArchitecture,41.0,0.0,2.0,0.0,312.0,14.0,129.0,143.0,14.0,183.0,197.0,1.0,40.0,548.0,142.0,150.0,135.0,150.0,113.0,1
bitwarden/server,0,1,0,1,0,0,1,1,0,8726,8726,737,35,bitwarden/server,99.0,4962.0,30.0,56.0,3315.0,97.0,769.0,866.0,16.0,1007.0,1023.0,0.0,56.0,543.0,140.0,149.0,101.0,149.0,144.0,1
Unity-Technologies/UnityCsReference,0,0,0,0,0,0,1,0,0,8524,8524,1863,36,Unity-Technologies/UnityCsReference,1.0,0.0,2.0,0.0,145.0,0.0,0.0,0.0,2.0,14.0,16.0,0.0,145.0,514.0,127.0,148.0,145.0,148.0,73.0,1
SignalR/SignalR,1,1,0,1,0,1,1,1,1,8508,8508,2283,37,SignalR/SignalR,111.0,0.0,2.0,0.0,4723.0,27.0,3563.0,3590.0,1.0,1025.0,1026.0,0.0,45.0,592.0,154.0,147.0,153.0,147.0,145.0,1
ppy/osu,0,1,0,1,1,1,1,1,0,8485,8485,1423,38,ppy/osu,370.0,143536.0,30.0,329.0,49559.0,764.0,5911.0,6675.0,51.0,8468.0,8519.0,0.0,110.0,599.0,157.0,146.0,132.0,146.0,175.0,1
cefsharp/CefSharp,1,1,0,1,1,1,1,0,0,8410,8410,2719,39,cefsharp/CefSharp,205.0,0.0,2.0,0.0,6049.0,36.0,2545.0,2581.0,2.0,818.0,820.0,2.0,175.0,591.0,153.0,145.0,163.0,145.0,138.0,1
IdentityServer/IdentityServer4,0,1,0,1,1,1,1,0,0,8405,8405,3256,40,IdentityServer/IdentityServer4,292.0,0.0,2.0,0.0,3270.0,49.0,4445.0,4494.0,7.0,917.0,924.0,0.0,78.0,595.0,155.0,144.0,167.0,144.0,140.0,1
AutoMapper/AutoMapper,0,1,0,1,0,1,1,0,0,8384,8384,1642,41,AutoMapper/AutoMapper,193.0,0.0,2.0,0.0,3904.0,0.0,2750.0,2750.0,3.0,984.0,987.0,0.0,37.0,566.0,145.0,143.0,138.0,143.0,142.0,1
restsharp/RestSharp,1,1,0,0,0,1,1,1,0,8134,8134,2175,42,restsharp/RestSharp,300.0,0.0,2.0,0.0,2004.0,18.0,1151.0,1169.0,8.0,599.0,607.0,3.0,20.0,563.0,144.0,142.0,149.0,142.0,130.0,1
felixse/FluentTerminal,1,1,0,1,0,0,1,0,1,8112,8112,418,43,felixse/FluentTerminal,63.0,135108.0,30.0,39.0,650.0,233.0,460.0,693.0,1.0,288.0,289.0,1.0,50.0,485.0,113.0,141.0,87.0,141.0,116.0,1
dotnet/csharplang,0,0,0,1,0,0,1,0,0,8056,8056,852,44,dotnet/csharplang,142.0,0.0,2.0,0.0,1826.0,424.0,1559.0,1983.0,23.0,729.0,752.0,1.0,15.0,525.0,133.0,140.0,109.0,140.0,136.0,1
dotnet/orleans,0,1,0,1,0,1,1,0,0,8054,8054,1760,45,dotnet/orleans,335.0,0.0,2.0,0.0,5203.0,305.0,2914.0,3219.0,22.0,4319.0,4341.0,5.0,89.0,589.0,152.0,139.0,142.0,139.0,169.0,1
MahApps/MahApps.Metro,0,1,0,1,0,1,1,0,1,7996,7996,2356,46,MahApps/MahApps.Metro,216.0,5892.0,30.0,85.0,6122.0,65.0,2713.0,2778.0,7.0,1369.0,1376.0,3.0,95.0,582.0,150.0,138.0,156.0,138.0,150.0,1
MonoGame/MonoGame,0,1,0,1,0,1,1,1,0,7982,7982,2518,47,MonoGame/MonoGame,430.0,21049.0,17.0,55.0,12883.0,685.0,2707.0,3392.0,104.0,4091.0,4195.0,2.0,69.0,601.0,158.0,137.0,160.0,137.0,167.0,1
chocolatey/choco,1,1,0,1,1,1,1,1,0,7874,7874,785,48,chocolatey/choco,116.0,147.0,2.0,4.0,3416.0,759.0,1355.0,2114.0,65.0,361.0,426.0,37.0,68.0,495.0,118.0,136.0,103.0,136.0,120.0,1
dotnet/machinelearning,0,1,0,1,1,1,1,1,0,7734,7734,1697,49,dotnet/machinelearning,198.0,0.0,2.0,0.0,2543.0,640.0,2570.0,3210.0,9.0,2840.0,2849.0,3.0,63.0,568.0,147.0,135.0,140.0,135.0,158.0,1
dotnet/runtime,0,1,0,1,0,1,1,1,0,7646,7646,2556,50,dotnet/runtime,2529.0,0.0,2.0,0.0,116183.0,7841.0,38541.0,46382.0,219.0,18636.0,18855.0,2.0,25.0,610.0,161.0,134.0,161.0,134.0,181.0,1
JustArchiNET/ArchiSteamFarm,1,1,0,1,0,0,1,0,0,7172,7172,854,51,JustArchiNET/ArchiSteamFarm,47.0,2941.0,30.0,298.0,9862.0,0.0,1101.0,1101.0,0.0,1327.0,1327.0,1.0,115.0,525.0,133.0,133.0,110.0,133.0,149.0,1
jbogard/MediatR,0,1,0,1,0,0,0,0,0,7164,7164,891,52,jbogard/MediatR,67.0,0.0,2.0,0.0,502.0,70.0,469.0,539.0,8.0,163.0,171.0,0.0,13.0,488.0,115.0,132.0,113.0,132.0,111.0,1
NancyFx/Nancy,0,1,0,1,0,1,1,1,0,7155,7155,1518,53,NancyFx/Nancy,338.0,0.0,2.0,0.0,5476.0,196.0,1136.0,1332.0,26.0,1646.0,1672.0,0.0,17.0,548.0,142.0,131.0,134.0,131.0,152.0,1
jasontaylordev/CleanArchitecture,1,1,0,1,0,1,1,0,0,7125,7125,1596,54,jasontaylordev/CleanArchitecture,55.0,0.0,2.0,0.0,354.0,73.0,258.0,331.0,19.0,120.0,139.0,1.0,58.0,502.0,123.0,130.0,136.0,130.0,106.0,1
dotnet/BenchmarkDotNet,0,1,0,1,0,1,1,1,0,7110,7110,728,55,dotnet/BenchmarkDotNet,190.0,0.0,2.0,0.0,2214.0,167.0,1098.0,1265.0,29.0,648.0,677.0,7.0,115.0,490.0,117.0,129.0,100.0,129.0,132.0,1
abpframework/abp,0,1,0,1,0,1,1,1,0,7104,7104,2241,56,abpframework/abp,307.0,0.0,2.0,0.0,23180.0,542.0,6065.0,6607.0,51.0,5005.0,5056.0,1.0,43.0,579.0,148.0,128.0,151.0,128.0,172.0,1
Perfare/AssetStudio,1,1,0,1,0,0,1,0,0,7102,7102,1294,57,Perfare/AssetStudio,24.0,208861.0,22.0,29.0,556.0,68.0,803.0,871.0,4.0,58.0,62.0,0.0,36.0,478.0,111.0,127.0,130.0,127.0,94.0,1
HangfireIO/Hangfire,1,1,0,1,0,1,1,1,0,7098,7098,1471,58,HangfireIO/Hangfire,154.0,614.0,30.0,30.0,3536.0,630.0,931.0,1561.0,53.0,397.0,450.0,1.0,124.0,508.0,125.0,126.0,133.0,126.0,123.0,1
JeffreySu/WeiXinMPSDK,1,0,0,1,0,0,0,1,0,7076,7076,4146,59,JeffreySu/WeiXinMPSDK,153.0,0.0,2.0,0.0,9388.0,159.0,707.0,866.0,3.0,1723.0,1726.0,0.0,581.0,579.0,148.0,125.0,176.0,125.0,153.0,1
carlospolop/PEASS-ng,0,1,0,1,0,1,0,1,0,7039,7039,1755,60,carlospolop/PEASS-ng,61.0,53984.0,29.0,396.0,1313.0,4.0,115.0,119.0,0.0,157.0,157.0,0.0,89.0,499.0,121.0,124.0,141.0,124.0,110.0,1
dotnet-architecture/eShopOnWeb,0,1,0,1,0,0,1,0,0,6879,6879,3348,61,dotnet-architecture/eShopOnWeb,69.0,0.0,2.0,0.0,533.0,2.0,286.0,288.0,7.0,392.0,399.0,0.0,48.0,533.0,136.0,123.0,168.0,123.0,119.0,1
duplicati/duplicati,1,1,0,1,1,1,1,1,0,6872,6872,699,62,duplicati/duplicati,196.0,6638.0,30.0,269.0,8117.0,815.0,2812.0,3627.0,14.0,1040.0,1054.0,3.0,43.0,488.0,115.0,122.0,98.0,122.0,146.0,1
microsoft/ailab,1,1,0,1,0,1,0,1,1,6861,6861,1281,63,microsoft/ailab,48.0,254.0,1.0,3.0,134.0,24.0,24.0,48.0,40.0,52.0,92.0,0.0,14.0,468.0,108.0,121.0,128.0,121.0,98.0,1
Sonarr/Sonarr,1,1,0,1,0,1,1,1,0,6824,6824,963,64,Sonarr/Sonarr,206.0,0.0,2.0,0.0,9150.0,147.0,3908.0,4055.0,18.0,846.0,864.0,0.0,13.0,496.0,119.0,120.0,117.0,120.0,139.0,1
nopSolutions/nopCommerce,0,1,0,1,0,1,1,1,0,6791,6791,3866,66,nopSolutions/nopCommerce,163.0,28858.0,30.0,153.0,13555.0,194.0,5259.0,5453.0,49.0,662.0,711.0,0.0,37.0,547.0,141.0,119.0,175.0,119.0,134.0,1
xupefei/Locale-Emulator,0,1,0,1,0,1,0,0,0,6774,6774,600,67,xupefei/Locale-Emulator,33.0,4918775.0,30.0,28.0,386.0,0.0,0.0,0.0,2.0,50.0,52.0,0.0,27.0,421.0,97.0,118.0,95.0,118.0,90.0,0
reactiveui/ReactiveUI,0,1,0,0,0,1,1,1,0,6686,6686,1055,68,reactiveui/ReactiveUI,201.0,0.0,2.0,0.0,4827.0,66.0,1102.0,1168.0,11.0,1893.0,1904.0,1.0,91.0,509.0,126.0,117.0,121.0,117.0,154.0,1
MathewSachin/Captura,1,1,0,1,0,1,0,0,0,6653,6653,1240,69,MathewSachin/Captura,51.0,378582.0,27.0,43.0,1121.0,109.0,181.0,290.0,5.0,229.0,234.0,0.0,40.0,472.0,110.0,116.0,126.0,116.0,114.0,1
ThreeMammals/Ocelot,0,1,0,1,0,0,1,1,0,6648,6648,1398,70,ThreeMammals/Ocelot,140.0,559.0,30.0,319.0,1276.0,486.0,527.0,1013.0,82.0,470.0,552.0,45.0,131.0,487.0,114.0,115.0,131.0,115.0,126.0,1
Jackett/Jackett,1,1,0,1,0,0,1,0,1,6634,6634,858,71,Jackett/Jackett,428.0,170608.0,30.0,240.0,9449.0,298.0,10172.0,10470.0,12.0,2352.0,2364.0,54.0,1412.0,496.0,119.0,114.0,111.0,114.0,157.0,1
TGSAN/CMWTAT_Digital_Edition,1,0,0,1,1,1,0,0,0,6619,6619,1075,72,TGSAN/CMWTAT_Digital_Edition,2.0,185370.0,7.0,10.0,31.0,8.0,24.0,32.0,1.0,1.0,2.0,0.0,10.0,389.0,88.0,113.0,122.0,113.0,41.0,0
nilaoda/N_m3u8DL-CLI,1,0,0,1,0,0,1,0,0,6578,6578,1224,73,nilaoda/N_m3u8DL-CLI,7.0,114917.0,30.0,68.0,334.0,170.0,343.0,513.0,0.0,13.0,13.0,0.0,66.0,421.0,97.0,112.0,125.0,112.0,72.0,0
winsw/winsw,0,1,0,1,0,1,1,1,0,6500,6500,1053,74,winsw/winsw,53.0,46995.0,30.0,160.0,786.0,114.0,328.0,442.0,23.0,420.0,443.0,4.0,60.0,463.0,107.0,111.0,120.0,111.0,121.0,1
dvf/blockchain,0,0,0,1,0,0,1,1,0,6466,6466,2439,75,dvf/blockchain,16.0,0.0,2.0,0.0,71.0,61.0,61.0,122.0,47.0,47.0,94.0,0.0,12.0,479.0,112.0,110.0,159.0,110.0,100.0,1
Humanizr/Humanizer,1,1,0,1,0,1,1,1,0,6450,6450,817,76,Humanizr/Humanizer,258.0,284.0,22.0,540.0,2309.0,178.0,343.0,521.0,20.0,642.0,662.0,10.0,192.0,456.0,106.0,109.0,107.0,109.0,131.0,1
dodyg/practical-aspnetcore,1,1,0,1,1,0,1,0,0,6178,6178,812,77,dodyg/practical-aspnetcore,27.0,0.0,2.0,0.0,2409.0,171.0,98.0,269.0,1.0,54.0,55.0,0.0,883.0,414.0,96.0,108.0,106.0,108.0,92.0,0
kgrzybek/modular-monolith-with-ddd,1,1,0,1,1,1,1,1,0,6132,6132,893,78,kgrzybek/modular-monolith-with-ddd,22.0,0.0,2.0,0.0,283.0,37.0,57.0,94.0,7.0,86.0,93.0,1.0,43.0,427.0,100.0,107.0,114.0,107.0,99.0,1
mbdavid/LiteDB,1,1,0,1,1,1,1,0,0,6106,6106,933,79,mbdavid/LiteDB,94.0,22737.0,30.0,34.0,2329.0,464.0,1382.0,1846.0,43.0,244.0,287.0,0.0,120.0,443.0,102.0,106.0,116.0,106.0,115.0,1
ElectronNET/Electron.NET,1,1,0,1,1,1,1,1,0,6060,6060,596,80,ElectronNET/Electron.NET,75.0,0.0,2.0,0.0,718.0,131.0,379.0,510.0,15.0,141.0,156.0,4.0,74.0,413.0,95.0,105.0,94.0,105.0,109.0,0
gitextensions/gitextensions,1,1,0,1,1,1,1,0,0,5989,5989,1789,81,gitextensions/gitextensions,511.0,1497489.0,30.0,80.0,15143.0,610.0,5049.0,5659.0,33.0,3943.0,3976.0,5.0,86.0,518.0,131.0,104.0,144.0,104.0,166.0,1
unoplatform/uno,0,1,0,1,0,1,1,1,0,5980,5980,481,82,unoplatform/uno,280.0,855.0,30.0,492.0,15128.0,1007.0,2580.0,3587.0,96.0,4349.0,4445.0,0.0,129.0,468.0,108.0,103.0,92.0,103.0,170.0,1
mRemoteNG/mRemoteNG,0,1,0,1,0,0,1,1,0,5878,5878,1095,83,mRemoteNG/mRemoteNG,109.0,3608881.0,30.0,94.0,4829.0,663.0,1150.0,1813.0,1.0,366.0,367.0,0.0,9.0,444.0,103.0,102.0,123.0,102.0,117.0,1
migueldeicaza/gui.cs,0,1,0,1,0,0,1,1,0,5844,5844,468,84,migueldeicaza/gui.cs,88.0,0.0,2.0,0.0,2461.0,62.0,706.0,768.0,17.0,770.0,787.0,1.0,75.0,429.0,101.0,101.0,90.0,101.0,137.0,1
aspnet/Mvc,0,1,0,1,0,0,1,0,0,5726,5726,2228,85,aspnet/Mvc,191.0,0.0,2.0,0.0,4596.0,0.0,5180.0,5180.0,0.0,3455.0,3455.0,2.0,27.0,514.0,127.0,100.0,150.0,100.0,164.0,1
Radarr/Radarr,1,1,0,0,0,1,1,1,0,5666,5666,702,86,Radarr/Radarr,299.0,235667.0,30.0,298.0,10835.0,308.0,5266.0,5574.0,34.0,1430.0,1464.0,0.0,65.0,448.0,104.0,99.0,99.0,99.0,151.0,1
rocksdanister/lively,1,1,0,1,1,1,1,1,0,5647,5647,474,87,rocksdanister/lively,4.0,495317.0,30.0,71.0,490.0,141.0,564.0,705.0,1.0,42.0,43.0,16.0,85.0,371.0,86.0,98.0,91.0,98.0,84.0,0
QuantConnect/Lean,1,1,0,1,0,1,1,1,0,5641,5641,2392,88,QuantConnect/Lean,194.0,0.0,2.0,0.0,11313.0,413.0,2018.0,2431.0,6.0,3795.0,3801.0,3.0,97.0,516.0,129.0,97.0,157.0,97.0,165.0,1
lambci/docker-lambda,0,0,0,1,1,0,1,0,0,5617,5617,424,89,lambci/docker-lambda,37.0,0.0,2.0,0.0,440.0,52.0,229.0,281.0,7.0,69.0,76.0,7.0,49.0,375.0,87.0,96.0,88.0,96.0,95.0,0
microsoft/VFSForGit,0,0,0,1,0,1,0,0,0,5570,5570,447,90,microsoft/VFSForGit,57.0,1420359.0,30.0,58.0,2494.0,295.0,472.0,767.0,5.0,989.0,994.0,0.0,54.0,422.0,99.0,95.0,89.0,95.0,143.0,0
OrchardCMS/OrchardCore,0,1,0,1,1,1,1,0,0,5558,5558,1884,91,OrchardCMS/OrchardCore,241.0,0.0,2.0,0.0,5875.0,1069.0,4320.0,5389.0,115.0,4862.0,4977.0,1.0,97.0,505.0,124.0,94.0,146.0,94.0,171.0,1
JasonStein/Notepads,1,1,0,1,1,0,1,1,0,5524,5524,326,92,JasonStein/Notepads,61.0,43821.0,30.0,88.0,984.0,227.0,315.0,542.0,33.0,446.0,479.0,0.0,130.0,397.0,90.0,93.0,86.0,93.0,125.0,0
reactiveui/refit,1,1,0,1,0,0,1,0,0,5520,5520,587,93,reactiveui/refit,131.0,282.0,30.0,79.0,1595.0,104.0,664.0,768.0,14.0,541.0,555.0,6.0,130.0,404.0,93.0,92.0,93.0,92.0,127.0,0
neuecc/UniRx,0,1,0,1,0,1,1,1,1,5477,5477,756,94,neuecc/UniRx,42.0,12734.0,25.0,33.0,1024.0,183.0,208.0,391.0,42.0,79.0,121.0,2.0,103.0,389.0,88.0,91.0,102.0,91.0,105.0,0
xamarin/Xamarin.Forms,1,1,0,1,1,0,1,1,0,5472,5472,1905,95,xamarin/Xamarin.Forms,375.0,547.0,30.0,296.0,5725.0,2825.0,6694.0,9519.0,99.0,5217.0,5316.0,4.0,56.0,500.0,122.0,90.0,147.0,90.0,173.0,1
dotnet/wpf,0,1,0,1,0,1,1,1,0,5469,5469,795,96,dotnet/wpf,128.0,0.0,2.0,0.0,3917.0,913.0,951.0,1864.0,95.0,4209.0,4304.0,0.0,33.0,451.0,105.0,89.0,105.0,89.0,168.0,1
de4dot/de4dot,1,1,0,1,0,0,1,0,0,5442,5442,2046,97,de4dot/de4dot,26.0,0.0,2.0,0.0,2090.0,0.0,0.0,0.0,1.0,46.0,47.0,0.0,19.0,411.0,94.0,88.0,148.0,88.0,87.0,0
sschmid/Entitas-CSharp,1,1,0,1,0,1,1,0,0,5374,5374,983,98,sschmid/Entitas-CSharp,28.0,14922.0,30.0,42.0,2066.0,174.0,698.0,872.0,11.0,108.0,119.0,1.0,124.0,397.0,90.0,87.0,119.0,87.0,104.0,0
HMBSbige/ShadowsocksR-Windows,1,1,0,1,1,1,1,0,1,5308,5308,971,99,HMBSbige/ShadowsocksR-Windows,40.0,135175.0,30.0,105.0,1409.0,0.0,0.0,0.0,5.0,145.0,150.0,0.0,75.0,398.0,92.0,86.0,118.0,86.0,108.0,0
emersonsoares/cep-api,1,1,0,1,0,0,0,1,0,99,99,46,198,emersonsoares/cep-api,5.0,0.0,2.0,0.0,54.0,3.0,6.0,9.0,0.0,4.0,4.0,0.0,9.0,296.0,79.0,85.0,78.0,85.0,48.0,0
RiSearcher/GeometRi.CSharp,1,1,0,1,1,0,1,0,0,98,98,13,197,RiSearcher/GeometRi.CSharp,2.0,0.0,2.0,0.0,194.0,1.0,15.0,16.0,1.0,6.0,7.0,0.0,31.0,271.0,73.0,84.0,41.0,84.0,62.0,0
chsienki/Kittitas,0,1,0,1,0,0,0,0,0,97,97,5,196,chsienki/Kittitas,1.0,0.0,2.0,0.0,15.0,4.0,1.0,5.0,1.0,0.0,1.0,0.0,6.0,208.0,61.0,83.0,14.0,83.0,28.0,0
conan-roslyn/Conan,0,1,0,1,0,1,1,0,0,96,96,3,195,conan-roslyn/Conan,1.0,0.0,2.0,0.0,14.0,2.0,1.0,3.0,0.0,0.0,0.0,0.0,5.0,174.0,43.0,82.0,9.0,82.0,1.0,0
birkett/CloudFlare-DDNS-Updater,1,1,0,1,1,1,1,0,0,95,95,48,194,birkett/CloudFlare-DDNS-Updater,4.0,5308.0,4.0,4.0,52.0,12.0,4.0,16.0,4.0,2.0,6.0,0.0,9.0,302.0,80.0,81.0,80.0,81.0,60.0,0
jonwagner/EventSourceProxy,0,1,0,1,0,0,1,0,0,94,94,21,193,jonwagner/EventSourceProxy,9.0,0.0,2.0,0.0,104.0,0.0,48.0,48.0,0.0,12.0,12.0,1.0,7.0,286.0,76.0,80.0,57.0,80.0,69.0,0
lowleveldesign/dotnet-netrace,0,0,0,1,0,0,0,0,0,92,92,6,191,lowleveldesign/dotnet-netrace,2.0,40.0,3.0,7.0,18.0,0.0,1.0,1.0,0.0,0.0,0.0,0.0,8.0,176.0,45.0,79.0,17.0,79.0,1.0,0
snowl/LoLEnhancementSuite,0,0,0,0,0,0,1,0,0,91,91,31,190,snowl/LoLEnhancementSuite,8.0,0.0,2.0,0.0,157.0,0.0,47.0,47.0,0.0,19.0,19.0,0.0,35.0,304.0,82.0,78.0,72.0,78.0,76.0,0
ElectricNightOwl/ArmSwinger,1,1,0,1,1,1,1,1,1,90,90,30,189,ElectricNightOwl/ArmSwinger,4.0,0.0,2.0,0.0,92.0,9.0,15.0,24.0,1.0,29.0,30.0,1.0,43.0,308.0,83.0,77.0,71.0,77.0,83.0,0
IndieVisualLab/UnityGraphicsProgramming2,0,1,0,0,0,0,0,0,0,89,89,11,188,IndieVisualLab/UnityGraphicsProgramming2,4.0,0.0,2.0,0.0,8.0,0.0,0.0,0.0,0.0,1.0,1.0,0.0,3.0,213.0,63.0,76.0,33.0,76.0,28.0,0
alexandrebeato/bankflix,1,0,0,0,1,1,0,0,0,88,88,14,187,alexandrebeato/bankflix,1.0,0.0,2.0,0.0,103.0,0.0,2.0,2.0,16.0,10.0,26.0,0.0,18.0,275.0,74.0,75.0,44.0,75.0,81.0,0
microsoftarchive/iot-journey,0,1,0,1,0,0,1,0,0,87,87,38,186,microsoftarchive/iot-journey,16.0,0.0,2.0,0.0,500.0,23.0,172.0,195.0,0.0,142.0,142.0,0.0,29.0,332.0,85.0,74.0,77.0,74.0,107.0,0
brockallen/BrockAllen.IdentityReboot,0,1,0,0,0,0,0,0,0,85,85,14,184,brockallen/BrockAllen.IdentityReboot,2.0,0.0,2.0,0.0,65.0,0.0,13.0,13.0,0.0,1.0,1.0,0.0,2.0,218.0,65.0,73.0,44.0,73.0,28.0,0
mewlist/MassiveGrass,1,0,0,1,1,0,1,0,0,84,84,12,183,mewlist/MassiveGrass,2.0,0.0,2.0,0.0,27.0,0.0,0.0,0.0,0.0,0.0,0.0,0.0,4.0,184.0,47.0,72.0,39.0,72.0,1.0,0
Azure/azure-iot-predictive-maintenance,1,1,0,1,0,1,1,0,0,82,82,64,181,Azure/azure-iot-predictive-maintenance,23.0,0.0,2.0,0.0,231.0,0.0,11.0,11.0,0.0,44.0,44.0,0.0,9.0,311.0,84.0,71.0,84.0,71.0,85.0,0
seven1986/oauthapp,1,1,0,0,0,0,0,0,0,81,81,22,180,seven1986/oauthapp,4.0,0.0,2.0,0.0,413.0,0.0,8.0,8.0,0.0,94.0,94.0,0.0,16.0,302.0,80.0,70.0,62.0,70.0,100.0,0
chrishonselaar/ProtoPad,0,1,0,1,0,1,1,1,0,80,80,20,179,chrishonselaar/ProtoPad,1.0,0.0,2.0,0.0,40.0,1.0,1.0,2.0,0.0,0.0,0.0,0.0,13.0,195.0,52.0,69.0,56.0,69.0,1.0,0
jglim/CCManager,0,1,0,1,0,0,0,0,0,79,79,19,178,jglim/CCManager,1.0,0.0,2.0,0.0,9.0,4.0,4.0,8.0,0.0,1.0,1.0,1.0,3.0,218.0,65.0,68.0,54.0,68.0,28.0,0
saguiitay/CardinalityEstimation,0,1,0,1,0,1,1,0,0,78,78,31,177,saguiitay/CardinalityEstimation,13.0,0.0,2.0,0.0,59.0,1.0,13.0,14.0,1.0,17.0,18.0,0.0,5.0,280.0,75.0,67.0,72.0,67.0,74.0,0
W3D3/SteamAccountSwitcher,1,1,0,1,1,1,0,0,1,77,77,21,176,W3D3/SteamAccountSwitcher,4.0,8392.0,1.0,1.0,38.0,2.0,8.0,10.0,0.0,4.0,4.0,0.0,15.0,237.0,70.0,66.0,57.0,66.0,48.0,0
personball/abplus-zero-template,1,0,0,1,0,0,0,0,0,76,76,27,175,personball/abplus-zero-template,3.0,0.0,2.0,0.0,187.0,0.0,7.0,7.0,35.0,14.0,49.0,0.0,7.0,286.0,76.0,65.0,67.0,65.0,89.0,0
johnnyreilly/jQuery.Validation.Unobtrusive.Native,1,1,0,1,1,1,1,0,0,75,75,28,174,johnnyreilly/jQuery.Validation.Unobtrusive.Native,4.0,0.0,2.0,0.0,271.0,11.0,13.0,24.0,0.0,6.0,6.0,1.0,32.0,257.0,71.0,64.0,69.0,64.0,60.0,0
webapibook/issuetracker,0,1,0,1,0,0,1,0,0,73,73,47,172,webapibook/issuetracker,6.0,0.0,2.0,0.0,108.0,2.0,8.0,10.0,2.0,42.0,44.0,0.0,6.0,290.0,78.0,63.0,79.0,63.0,85.0,0
jamesmontemagno/MonoDroidToolkit,0,1,0,1,0,1,1,0,1,72,72,25,171,jamesmontemagno/MonoDroidToolkit,4.0,0.0,2.0,0.0,62.0,3.0,10.0,13.0,0.0,4.0,4.0,0.0,16.0,236.0,69.0,62.0,64.0,62.0,48.0,0
mikebluestein/FindTheMonkey,1,1,0,0,0,0,0,0,0,71,71,49,170,mikebluestein/FindTheMonkey,1.0,0.0,2.0,0.0,11.0,0.0,2.0,2.0,0.0,0.0,0.0,0.0,3.0,204.0,57.0,61.0,81.0,61.0,1.0,0
chrfalch/NControl.Controls,1,1,0,1,0,0,1,0,0,70,70,36,169,chrfalch/NControl.Controls,4.0,0.0,2.0,0.0,191.0,14.0,37.0,51.0,3.0,4.0,7.0,0.0,5.0,257.0,71.0,60.0,75.0,60.0,62.0,0
pboechat/roadgen,1,1,0,1,0,0,0,0,0,69,69,18,168,pboechat/roadgen,2.0,0.0,2.0,0.0,12.0,1.0,1.0,2.0,0.0,0.0,0.0,0.0,10.0,171.0,42.0,59.0,52.0,59.0,1.0,0
Unity-Technologies/UIElementsUniteLATurretDemo,0,0,0,1,0,0,0,0,0,68,68,21,167,Unity-Technologies/UIElementsUniteLATurretDemo,1.0,0.0,2.0,0.0,7.0,1.0,0.0,1.0,0.0,0.0,0.0,0.0,5.0,174.0,43.0,58.0,57.0,58.0,1.0,0
xabikos/aspnet-webpack,0,1,0,1,0,0,1,0,0,67,67,13,166,xabikos/aspnet-webpack,4.0,0.0,2.0,0.0,96.0,8.0,25.0,33.0,0.0,4.0,4.0,0.0,10.0,203.0,55.0,57.0,41.0,57.0,48.0,0
madskristensen/WebExtensionPack,0,1,0,1,0,1,1,1,0,66,66,10,165,madskristensen/WebExtensionPack,2.0,0.0,2.0,0.0,67.0,4.0,16.0,20.0,0.0,1.0,1.0,0.0,26.0,170.0,41.0,56.0,30.0,56.0,28.0,0
MoshiMoshi0/TTController,0,0,0,0,0,1,0,0,0,65,65,14,164,MoshiMoshi0/TTController,4.0,5147.0,28.0,28.0,647.0,9.0,51.0,60.0,0.0,1.0,1.0,0.0,64.0,182.0,46.0,55.0,44.0,55.0,28.0,0
amarmesic/windows-phone-navigation-drawer,0,1,0,1,0,1,1,0,0,63,63,21,162,amarmesic/windows-phone-navigation-drawer,3.0,0.0,2.0,0.0,26.0,5.0,5.0,10.0,0.0,2.0,2.0,0.0,13.0,206.0,59.0,54.0,57.0,54.0,41.0,0
pavelkouril/unity-marching-cubes-gpu,0,0,0,0,0,1,0,0,0,62,62,5,161,pavelkouril/unity-marching-cubes-gpu,2.0,0.0,2.0,0.0,5.0,0.0,0.0,0.0,0.0,2.0,2.0,0.0,4.0,161.0,38.0,53.0,14.0,53.0,41.0,0
ScutGame/Scut-samples,0,1,0,1,0,0,1,0,0,61,61,91,160,ScutGame/Scut-samples,1.0,0.0,2.0,0.0,49.0,0.0,0.0,0.0,0.0,1.0,1.0,0.0,8.0,217.0,64.0,52.0,85.0,52.0,28.0,0
libla/TinyJSON,0,0,0,0,1,0,0,0,0,60,60,25,159,libla/TinyJSON,2.0,0.0,2.0,0.0,15.0,0.0,1.0,1.0,0.0,0.0,0.0,0.0,8.0,167.0,40.0,51.0,64.0,51.0,1.0,0
NetMQ/NetMQ.ReactiveExtensions,0,1,0,1,1,0,1,0,0,58,58,15,157,NetMQ/NetMQ.ReactiveExtensions,9.0,0.0,2.0,0.0,196.0,9.0,18.0,27.0,0.0,23.0,23.0,1.0,87.0,227.0,67.0,50.0,48.0,50.0,79.0,0
aspnetde/MvvmNano,1,1,0,1,1,0,1,0,0,56,56,10,155,aspnetde/MvvmNano,4.0,0.0,2.0,0.0,161.0,0.0,19.0,19.0,2.0,3.0,5.0,0.0,26.0,184.0,47.0,49.0,30.0,49.0,56.0,0
hdinsight/hdinsight-storm-examples,1,1,0,1,1,0,1,0,1,55,55,51,154,hdinsight/hdinsight-storm-examples,8.0,0.0,2.0,0.0,90.0,6.0,10.0,16.0,1.0,4.0,5.0,0.0,16.0,234.0,68.0,48.0,82.0,48.0,56.0,0
ElectroGryphon/EGGA,0,0,0,0,0,0,1,0,0,54,54,36,153,ElectroGryphon/EGGA,4.0,0.0,2.0,0.0,44.0,5.0,8.0,13.0,0.0,2.0,2.0,0.0,8.0,210.0,62.0,47.0,75.0,47.0,41.0,0
vmohan7/Bow-ArrowLiveStream,0,0,0,1,0,0,1,0,0,53,53,11,152,vmohan7/Bow-ArrowLiveStream,2.0,0.0,2.0,0.0,4.0,0.0,0.0,0.0,0.0,0.0,0.0,0.0,3.0,126.0,24.0,46.0,33.0,46.0,1.0,0
reubeno/NClap,0,1,0,1,0,0,0,1,0,52,52,9,151,reubeno/NClap,6.0,0.0,2.0,0.0,134.0,6.0,30.0,36.0,0.0,47.0,47.0,0.0,21.0,204.0,57.0,45.0,27.0,45.0,87.0,0
mesta1/AForge-examples,0,0,1,0,0,0,0,0,0,51,51,33,150,mesta1/AForge-examples,3.0,0.0,2.0,0.0,7.0,1.0,0.0,1.0,0.0,1.0,1.0,0.0,2.0,190.0,50.0,44.0,74.0,44.0,28.0,0
SergeyTeplyakov/ExceptionAnalyzer,0,0,0,1,0,0,0,0,0,50,50,8,149,SergeyTeplyakov/ExceptionAnalyzer,4.0,0.0,2.0,0.0,40.0,13.0,10.0,23.0,0.0,4.0,4.0,0.0,4.0,159.0,37.0,43.0,25.0,43.0,48.0,0
uFrame/uFrame.ECS,0,1,0,1,0,0,0,0,0,49,49,11,148,uFrame/uFrame.ECS,4.0,0.0,2.0,0.0,96.0,6.0,3.0,9.0,0.0,1.0,1.0,0.0,3.0,145.0,31.0,42.0,33.0,42.0,28.0,0
nachmore/unBand,1,0,0,0,0,0,1,0,0,48,48,18,147,nachmore/unBand,6.0,0.0,2.0,0.0,167.0,61.0,56.0,117.0,5.0,4.0,9.0,0.0,2.0,198.0,54.0,41.0,52.0,41.0,64.0,0
kimsama/Unity-NGUIExtension,0,1,0,1,0,1,1,0,0,47,47,14,146,kimsama/Unity-NGUIExtension,1.0,0.0,2.0,0.0,41.0,1.0,0.0,1.0,0.0,0.0,0.0,0.0,32.0,125.0,23.0,40.0,44.0,40.0,1.0,0
edoreshef/ground-control,0,1,0,1,0,1,0,0,0,46,46,3,145,edoreshef/ground-control,5.0,0.0,2.0,0.0,28.0,4.0,7.0,11.0,0.0,2.0,2.0,0.0,10.0,128.0,25.0,39.0,9.0,39.0,41.0,0
amirjalilifard/FreeFilesProject,1,0,0,0,0,0,0,0,0,45,45,29,144,amirjalilifard/FreeFilesProject,1.0,0.0,2.0,0.0,2.0,4.0,0.0,4.0,0.0,0.0,0.0,0.0,1.0,147.0,32.0,38.0,70.0,38.0,1.0,0
GrayKernel/GrayStorm,0,0,0,1,0,0,1,0,0,44,44,7,143,GrayKernel/GrayStorm,1.0,0.0,2.0,0.0,15.0,0.0,0.0,0.0,0.0,0.0,0.0,0.0,2.0,96.0,17.0,37.0,21.0,37.0,1.0,0
tpeczek/Lib.Web.Mvc,0,1,0,1,0,1,1,1,0,43,43,27,142,tpeczek/Lib.Web.Mvc,4.0,266.0,30.0,60.0,170.0,0.0,103.0,103.0,1.0,9.0,10.0,1.0,18.0,206.0,59.0,36.0,67.0,36.0,67.0,0
castle-it/sharp2Js,1,1,0,1,1,0,1,1,0,42,42,5,141,castle-it/sharp2Js,3.0,0.0,2.0,0.0,74.0,3.0,3.0,6.0,0.0,20.0,20.0,0.0,16.0,161.0,38.0,35.0,14.0,35.0,77.0,0
evolutional/flatbuffers-net,0,1,0,1,1,1,1,0,0,41,41,7,140,evolutional/flatbuffers-net,2.0,0.0,2.0,0.0,66.0,23.0,32.0,55.0,0.0,4.0,4.0,0.0,10.0,137.0,27.0,34.0,21.0,34.0,48.0,0
jacek-gorgon/NJsonApi,0,0,0,1,0,0,1,0,0,40,40,17,139,jacek-gorgon/NJsonApi,2.0,0.0,2.0,0.0,35.0,10.0,9.0,19.0,1.0,11.0,12.0,0.0,8.0,186.0,49.0,33.0,51.0,33.0,69.0,0
reddog-io/RedDog.Search,0,1,0,1,0,0,0,0,0,39,39,24,138,reddog-io/RedDog.Search,6.0,0.0,2.0,0.0,64.0,2.0,10.0,12.0,3.0,9.0,12.0,0.0,27.0,196.0,53.0,32.0,63.0,32.0,69.0,0
aliessmael/Unity-Contacts-List,0,1,0,1,0,0,0,0,0,38,38,19,137,aliessmael/Unity-Contacts-List,3.0,0.0,2.0,0.0,20.0,19.0,10.0,29.0,1.0,1.0,2.0,0.0,5.0,157.0,35.0,31.0,54.0,31.0,41.0,0
TerribleDev/TurboLinks.Net,0,1,0,0,0,0,0,0,0,37,37,8,136,TerribleDev/TurboLinks.Net,2.0,0.0,2.0,0.0,29.0,1.0,2.0,3.0,1.0,4.0,5.0,0.0,8.0,141.0,30.0,30.0,25.0,30.0,56.0,0
kant2002/ncrawler,0,1,0,0,0,0,0,0,0,36,36,12,135,kant2002/ncrawler,1.0,0.0,2.0,0.0,65.0,0.0,0.0,0.0,0.0,0.0,0.0,0.0,3.0,98.0,19.0,29.0,39.0,29.0,1.0,0
microsoft/FMLab,0,0,1,0,0,0,0,0,0,35,35,53,134,microsoft/FMLab,7.0,0.0,2.0,0.0,13.0,13.0,2.0,15.0,3.0,6.0,9.0,0.0,3.0,203.0,55.0,28.0,83.0,28.0,64.0,0
AzureADQuickStarts/AppModelv2-NativeClient-DotNet,1,1,0,1,1,0,1,0,0,34,34,25,133,AzureADQuickStarts/AppModelv2-NativeClient-DotNet,9.0,0.0,2.0,0.0,54.0,6.0,5.0,11.0,0.0,18.0,18.0,0.0,13.0,192.0,51.0,27.0,64.0,27.0,74.0,0
kernys/Kernys.Bson,0,0,0,1,0,1,0,0,0,33,33,16,132,kernys/Kernys.Bson,4.0,0.0,2.0,0.0,20.0,1.0,1.0,2.0,0.0,4.0,4.0,0.0,8.0,150.0,33.0,26.0,50.0,26.0,48.0,0
SaladLab/UniGet,1,1,0,1,0,0,1,0,0,32,32,7,131,SaladLab/UniGet,1.0,70.0,2.0,2.0,73.0,0.0,2.0,2.0,0.0,1.0,1.0,0.0,6.0,99.0,20.0,25.0,21.0,25.0,28.0,0
Bekwnn/UnityJsonHelper,0,1,0,1,0,0,0,0,0,31,31,9,130,Bekwnn/UnityJsonHelper,2.0,0.0,2.0,0.0,9.0,1.0,0.0,1.0,2.0,1.0,3.0,0.0,2.0,122.0,22.0,24.0,27.0,24.0,47.0,0
scheshan/DoubanGroup.UWP,1,0,0,0,0,0,0,0,0,30,30,13,129,scheshan/DoubanGroup.UWP,2.0,0.0,2.0,0.0,104.0,0.0,0.0,0.0,0.0,0.0,0.0,0.0,1.0,88.0,16.0,23.0,41.0,23.0,1.0,0
Pryaxis/orion-core,1,0,0,0,0,0,0,0,0,29,29,11,128,Pryaxis/orion-core,16.0,0.0,2.0,0.0,976.0,10.0,43.0,53.0,0.0,24.0,24.0,0.0,13.0,157.0,35.0,22.0,33.0,22.0,80.0,0
wwwlicious/servicestack-authentication-identityserver,0,0,0,1,0,0,0,0,0,28,28,15,127,wwwlicious/servicestack-authentication-identityserver,6.0,9.0,2.0,6.0,74.0,12.0,8.0,20.0,0.0,4.0,4.0,0.0,8.0,138.0,28.0,21.0,48.0,21.0,48.0,0
ahdung/FormDraggerDemo,0,1,0,0,0,0,0,0,0,27,27,9,126,ahdung/FormDraggerDemo,1.0,0.0,2.0,0.0,7.0,0.0,0.0,0.0,0.0,0.0,0.0,0.0,2.0,68.0,14.0,20.0,27.0,20.0,1.0,0
Tangoyzx/PaintModel,0,0,1,0,0,0,0,0,0,26,26,10,125,Tangoyzx/PaintModel,1.0,0.0,2.0,0.0,6.0,1.0,0.0,1.0,0.0,0.0,0.0,0.0,4.0,69.0,15.0,19.0,30.0,19.0,1.0,0
liamca/azure-search-recommendations,0,1,0,1,0,1,0,0,0,25,25,11,124,liamca/azure-search-recommendations,4.0,0.0,2.0,0.0,55.0,0.0,0.0,0.0,0.0,1.0,1.0,0.0,29.0,97.0,18.0,18.0,33.0,18.0,28.0,0
radistmorse/KSPPreciseManeuver,0,1,0,1,1,0,0,0,0,24,24,21,123,radistmorse/KSPPreciseManeuver,6.0,142302.0,19.0,19.0,63.0,4.0,13.0,17.0,0.0,9.0,9.0,0.0,8.0,155.0,34.0,17.0,57.0,17.0,64.0,0
bucknellu/Nyan,0,1,0,1,0,1,1,1,0,23,23,2,122,bucknellu/Nyan,3.0,7.0,1.0,1.0,805.0,1.0,10.0,11.0,2.0,8.0,10.0,0.0,37.0,103.0,21.0,16.0,4.0,16.0,67.0,0
mkremins/TracerySharp,0,0,0,1,0,1,0,0,0,22,22,2,121,mkremins/TracerySharp,1.0,0.0,2.0,0.0,12.0,1.0,2.0,3.0,1.0,0.0,1.0,1.0,4.0,62.0,13.0,15.0,4.0,15.0,28.0,0
TORISOUP/GTAV_InfernoScripts,1,0,0,0,0,1,0,0,0,21,21,6,120,TORISOUP/GTAV_InfernoScripts,5.0,6485.0,12.0,12.0,555.0,1.0,11.0,12.0,4.0,52.0,56.0,0.0,8.0,138.0,28.0,14.0,17.0,14.0,93.0,0
DmitrySikorsky/AspNet5ModularApp,1,1,0,1,0,0,1,0,0,20,20,4,119,DmitrySikorsky/AspNet5ModularApp,1.0,0.0,2.0,0.0,6.0,0.0,1.0,1.0,0.0,0.0,0.0,0.0,4.0,39.0,10.0,13.0,12.0,13.0,1.0,0
lindexi/Markdown,1,1,0,1,0,0,0,0,0,18,18,1,117,lindexi/Markdown,2.0,0.0,2.0,0.0,53.0,0.0,0.0,0.0,1.0,0.0,1.0,0.0,3.0,54.0,11.0,12.0,2.0,12.0,28.0,0
rygo6/VisualizationFramework-Unity,0,0,0,0,0,0,1,0,0,16,16,3,115,rygo6/VisualizationFramework-Unity,1.0,0.0,2.0,0.0,19.0,6.0,9.0,15.0,0.0,0.0,0.0,0.0,6.0,32.0,8.0,11.0,9.0,11.0,1.0,0
Joshsora/LibSOE,0,1,0,0,0,0,1,0,0,14,14,11,113,Joshsora/LibSOE,2.0,0.0,2.0,0.0,13.0,6.0,1.0,7.0,0.0,0.0,0.0,0.0,4.0,54.0,11.0,10.0,33.0,10.0,1.0,0
cra0kalo/CETRAINER_DECRYPT,0,0,0,1,0,0,0,0,0,13,13,6,112,cra0kalo/CETRAINER_DECRYPT,1.0,0.0,2.0,0.0,3.0,0.0,0.0,0.0,0.0,0.0,0.0,0.0,2.0,36.0,9.0,9.0,17.0,9.0,1.0,0
enBask/Asgard,0,1,0,0,0,0,0,0,0,11,11,1,110,enBask/Asgard,1.0,0.0,2.0,0.0,49.0,1.0,0.0,1.0,0.0,0.0,0.0,0.0,1.0,19.0,5.0,8.0,2.0,8.0,1.0,0
Particular/HashBus,0,0,0,1,0,0,0,0,0,10,10,4,109,Particular/HashBus,9.0,0.0,2.0,0.0,251.0,22.0,58.0,80.0,1.0,109.0,110.0,0.0,6.0,129.0,26.0,7.0,12.0,7.0,103.0,0
BeranekCZ/NETMF-Utils,1,1,0,1,0,0,1,0,0,9,9,2,108,BeranekCZ/NETMF-Utils,2.0,0.0,2.0,0.0,16.0,1.0,0.0,1.0,0.0,0.0,0.0,0.0,8.0,17.0,4.0,6.0,4.0,6.0,1.0,0
jsauve/XamaGram,0,0,0,1,1,0,1,0,1,6,6,6,105,jsauve/XamaGram,2.0,0.0,2.0,0.0,40.0,0.0,1.0,1.0,0.0,0.0,0.0,0.0,29.0,28.0,6.0,5.0,17.0,5.0,1.0,0
jmalarcon/FileEncodingConverter,1,0,0,1,0,0,0,0,1,5,5,2,104,jmalarcon/FileEncodingConverter,3.0,973.0,3.0,2.0,8.0,0.0,2.0,2.0,0.0,0.0,0.0,0.0,5.0,13.0,3.0,4.0,4.0,4.0,1.0,0
damianh/StaticFilesMiddleware,0,0,0,1,0,0,0,0,0,4,4,7,103,damianh/StaticFilesMiddleware,1.0,0.0,2.0,0.0,9.0,0.0,0.0,0.0,0.0,0.0,0.0,0.0,2.0,28.0,6.0,3.0,21.0,3.0,1.0,0
AdamKinney/WinGraphics,0,0,0,0,0,0,1,0,0,3,3,2,102,AdamKinney/WinGraphics,1.0,0.0,2.0,0.0,3.0,0.0,0.0,0.0,0.0,0.0,0.0,0.0,1.0,9.0,2.0,2.0,4.0,2.0,1.0,0
Insality/RAO,1,1,0,0,0,0,0,0,0,2,2,0,101,Insality/RAO,2.0,0.0,2.0,0.0,58.0,0.0,0.0,0.0,0.0,0.0,0.0,0.0,2.0,4.0,1.0,1.0,1.0,1.0,1.0,0
